Name,Address,Age,Phone
Maria Wright,"892 Mcdonald Glens
New Robertbury, NH 97199",49,(440)466-5164
Denise Quinn,"0049 Robin Green
Port Alanbury, UT 59523",35,547 35 62
Dylan Luna,"70994 Julia Junctions
Melissafurt, CT 76815",24,+38 038 761 53 69
Jamie Harper,"16755 Miller Knolls
New Caitlynstad, DC 48652",47,093-560-1698x838
Mary Foster,"29973 David Village Apt. 127
West Deborah, MN 42791",35,+38 (073) 297-21-25
Brandi Andrews,"5932 Jessica Ferry
Cantrellmouth, SD 57729",22,231-90-55
Mr. John Michael PhD,"7700 Jacqueline Wells
Carsonton, MO 12525",23,259 15 64
Robin Bridges,"8566 Jeremy Center Apt. 523
South Tracy, NY 21311",35,8245634959
Robert Schwartz,"953 Stephen Ranch Apt. 956
Morrisonville, HI 53664",25,001-541-953-8192x5393
Corey Thomas,"USNV Hopkins
FPO AP 38058",23,+1-793-343-2376x6437
Kevin Sheppard,"0620 Adkins Estates
New Nathanborough, ID 62175",45,054 403-55-60
Brian Watson,"6021 Davis Shoals Suite 826
Juliefurt, IA 92483",30,239.166.6373x6379
Karla Armstrong,"613 Garrett Dale
North Erik, IA 41926",35,001-834-631-3896x497
Amanda Fowler,"08952 Johnson Spurs Suite 656
West Joshua, MT 37726",46,803-63-08
Yvonne Thompson,"817 Brent Parkway
North Cynthiashire, PR 35155",49,066 062 25 47
Barry Frank,"54613 Jenkins Tunnel Suite 361
Gomezport, IL 54368",30,+38 074 067 02 81
Jesse Smith,"83164 Miller Greens
Vickitown, IL 34518",20,+38 069 112-38-32
Tanner Perez,"676 Danny Village
Lake Veronicafort, PR 57779",50,3744682483
Stephanie White,"14426 Emily Parkway Apt. 557
East Andrew, NV 82225",31,(583)811-3203
Crystal Wilson,"36424 Morales Vista Suite 676
Jessicabury, WA 83314",49,001-218-040-2701x17427
Brenda Burke,"13429 Alexander Port
East Tammyview, NC 31416",26,125.773.7786x10066
Kevin Garcia,"1378 Michelle Motorway
East Amandafort, AS 17523",59,930-982-7669x891
Alejandro Myers,"1864 Moore Haven
Paulhaven, NM 04625",22,+1-274-720-9016x959
James Jones,"9803 Small Rapid
Watkinston, KY 63172",23,001-352-344-3872x382
Margaret Marshall,"7589 Pollard Station Apt. 097
Kerryport, ME 20898",42,001-061-080-8958x588
Sarah Middleton,"491 Fleming Coves Apt. 653
East Gloriaton, AR 96154",51,(846)175-1491x2987
Diana Garcia,"8177 Rubio Isle Suite 631
Lake Rachel, NY 61990",49,4655587220
Karen Hernandez,"7402 Carla Ville
Lake Richard, OR 83914",55,+1-855-659-9243x9224
Justin Williams,"Unit 5410 Box 8215
DPO AE 85000",53,818 18 07
Stephen Lindsey,"590 Armstrong Locks Suite 281
North Stephanie, ID 15136",51,+1-035-431-9472x0440
Seth Beck,"3506 Williams Cove Suite 420
Holmesland, GA 45871",45,(310)342-5169x5026
Jason Johnson,"PSC 1009, Box 3425
APO AE 33794",25,3107750187
Lawrence Reyes,"004 James Cape Suite 309
Bryantshire, DC 72260",43,080-078-4599x1191
Jessica Kennedy,"638 Justin View
South Christineview, CA 03827",59,1442405103
Todd Fox,"958 Harper Ways Apt. 166
New Andre, IL 01198",46,+1-510-599-0484x978
James Miller,"USNV Horne
FPO AA 15894",52,+38 099 688-77-78
Jeremy Ross,"217 Lauren Turnpike
Lake Tylerland, TX 23913",22,705-08-75
Charles Barrera,"9130 Felicia Terrace Suite 733
South Natalieberg, OR 82926",51,842.559.0938x54860
Carol Logan,"19485 Thomas Common
Hebertside, MH 22774",34,+1-401-789-8394x980
Bruce Brown,"0230 Elaine Plaza Apt. 999
Roberthaven, AL 61991",45,090 434-12-02
Charlotte Hammond,"PSC 1531, Box 0839
APO AP 75602",29,7149748530
Deborah Flores,"12858 Faith Springs
South Ariel, OK 88183",47,001-346-063-6717x35548
Troy Mcdaniel,"17041 Jacob Terrace
Barberfurt, WI 52764",60,(888)002-1275x80546
Jim Arias,"87680 Mitchell Forks Suite 106
Thomasfurt, MO 06948",54,4026491416
Joshua Ellis,"498 Ashley Summit Apt. 253
South Robertfort, MT 02176",47,(205)060-4862
Mr. Eric Taylor DDS,"253 Banks Highway
West Christinaborough, VI 53411",20,094 938-13-35
Jennifer Evans,"717 Garcia Streets
Alexisside, MD 38422",34,428-64-58
Stephanie Cooper,"38730 Martinez Station
Lake Emily, MN 77255",21,774.893.2616x8184
Brandi White,"USCGC Ochoa
FPO AP 69088",59,+38 058 126 55 50
Chase Strickland,"26202 Hull Stream Apt. 728
West Vincentview, OR 38103",19,084 753 39 81
Kimberly Brown,"41181 Lauren Valleys Apt. 837
Mikeburgh, HI 87148",21,369-848-1206
Becky Turner,"853 Riddle Divide Apt. 699
North Katherineview, OH 78891",20,053 151 65 21
Sarah Spencer,"1740 Williams Burg
North Georgebury, AK 18303",40,+1-102-338-5725
Melissa Brown,"75788 Maria Ridges
West Danielleport, GU 90166",38,069 390 01 41
John Reed,"4651 Gonzalez Village
Kennethstad, NY 80362",41,+38 (086) 192-85-48
Shannon Baker,"279 Fisher Hollow
Lopezberg, RI 97418",47,(071)671-6327x27443
Lisa Leblanc,"9612 Justin Loop Apt. 014
Wagnerstad, CO 59412",55,009 415-04-99
Daniel Zhang,"PSC 9547, Box 6525
APO AP 41691",36,014 783-66-43
Melissa White,"557 Duncan Road Suite 355
Smithview, NV 23035",28,+38 (040) 357-83-94
Erik Petersen,"5951 Hartman Trafficway Apt. 935
Curtisside, KS 54127",31,851.536.4250x29160
Joseph Terry,"05575 Justin Port Apt. 716
Chavezfort, AL 75596",37,1797514468
Amber Mckinney,"275 Davis Mount Suite 231
South Lisaborough, PW 20386",38,714 53 02
Justin Oliver,"408 Jones Knolls
Meganburgh, MN 45625",48,983-70-40
Mary Jenkins,"236 Randy Ville Suite 102
Lisastad, MT 40067",18,+38 055 467 76 09
Valerie Hicks,"92236 Baldwin Locks Apt. 054
Amandaberg, SD 46520",40,030 280 05 01
Charles Fry,"25700 Justin Mill
Suefort, AR 85305",27,928.270.0571x3688
Mary Gonzales,"7704 Justin Ports Suite 365
East Matthewhaven, MO 06250",24,+38 (078) 801-36-01
Margaret Greene,"572 Mcneil Plain
Lauraborough, AL 36923",31,995 95 20
Stephanie Gray,"084 Andrew Brook Apt. 591
Victorhaven, MT 91883",26,001-777-280-0360
John Martinez MD,"39507 Willie Gardens Suite 432
Parkerland, CT 72269",45,+1-243-606-4431x364
Nicholas Shaffer,"153 Stanley Grove Suite 889
North Jonathanton, IL 76714",35,(157)623-8344x9590
Eric Campbell,"9730 Yvette Parkway
New Benjamin, TN 29611",36,+38 062 074 59 67
Richard Peterson,"531 Gregory Crest Apt. 328
Walkermouth, MH 37167",37,773-331-8929
Danny Hogan,"51910 Robert Court
Seanmouth, TN 70611",28,+38 037 601-37-05
George Krause,"18324 Joseph Plains
Adamfurt, MD 31632",31,092-80-78
Donald Wright,"280 Kathleen Ferry
Lake Jenniferton, WA 84548",38,113 98 94
Kimberly Coffey,"2049 Tiffany Drive Apt. 273
West Aprilmouth, OH 56215",31,989.092.5773x875
Julie Drake,"42487 Briana Island
Josephborough, VT 60603",60,006 224 38 80
Theresa James,"37527 Garza Neck
Oneillchester, MS 86923",44,+1-349-543-6291x693
Jason Gutierrez,"431 Brenda Common Apt. 993
Allenmouth, VI 59142",34,+38 002 860 23 40
George Hamilton,"2227 Lane Canyon Apt. 843
South Stephen, PW 86833",35,(283)646-2259x34923
Ruben Santana,"44929 Ian Plain
East Brian, AZ 45465",60,+38 067 419-59-56
Patrick Roberts,"41751 Todd Plain Suite 668
Jamieton, NV 64979",23,+38 046 502-55-21
Roy Newton,"1848 Anthony Inlet
North Pam, MI 57492",33,063 047-45-87
Lindsay Brown,"58898 Hart Point Apt. 865
East Nathanhaven, DC 93205",31,001-347-261-7682x3317
Tamara Smith,"6483 Parrish Hills Suite 488
New Vanessa, UT 93845",51,+38 (017) 039-25-75
Mr. Brandon Hall,"448 Pamela Brook
Anntown, DC 83298",60,001-223-174-7512x6604
Becky Lopez,"031 Donna Alley
Davidstad, WA 96362",34,+38 033 768 37 48
Megan Brown,"Unit 3515 Box 1226
DPO AA 11255",24,199 70 68
Paula Mills,"58961 Hoover Overpass Apt. 967
Lake Nicholas, VA 47856",23,(083)521-5362x8829
Heidi Taylor,"7529 Haley Mountains Apt. 639
West Christopherside, IN 35305",22,+38 075 178 94 40
Steven Silva MD,"9643 Ashley Loop
Knightland, MH 66976",19,+38 080 239-74-00
William Morgan,"8538 Campbell Crescent
North Josephtown, OR 86215",39,+38 048 086-28-58
Matthew Murray,"78169 Marcus Course
Joshuaville, NJ 28591",40,692-35-38
Shannon Maxwell,"7157 Seth Place Apt. 331
South Lisahaven, VA 95741",32,047-410-1909x130
Lee Hernandez,"96309 Stewart Grove
Rachaelton, AZ 24449",32,+38 083 895 93 06
Sharon Mclaughlin,"048 Norton Harbors Suite 720
Robinsonchester, ND 13227",25,561-997-1858x948
Joshua Miller,"18483 Benitez Road Suite 776
Murphymouth, SD 37193",40,+38 045 107-97-73
Robert Baldwin,"6090 Kimberly Estates
Lake Sarahchester, DC 79718",28,099 106 47 88
Denise Collins,"68302 Sarah Mission
Scottville, MT 84992",46,556.160.4373x370
Adam Beard,"337 Rose Dam
Roseland, IA 44022",33,995-34-34
Thomas Snyder,"5456 Denise Lakes Apt. 545
Port Matthew, UT 75550",54,(623)391-1422x9120
Larry Hood,"8019 Herrera Club
Sharonside, WY 89883",39,184-63-40
Kevin Phillips,"94310 Franco Radial
East Brooke, TN 20433",57,+38 016 502-38-69
Michael Schaefer,"090 Cindy Locks
East Larry, OH 63932",54,+38 065 179-75-76
Victoria Scott,"4410 Lara Plain
Port Davidborough, IA 19167",53,001-325-591-8939x361
Sophia Aguirre,"6975 Ashley Rest Apt. 617
Victorside, NM 09534",30,104-25-26
Jacob Santiago Jr.,"5878 Carpenter Neck Apt. 580
Alyssaberg, MH 33916",26,851-290-4558x591
Elizabeth Hoffman,"PSC 4516, Box 9201
APO AP 64613",52,6650988468
Molly Carlson,"4279 Gallagher Plains
Karenmouth, NY 01356",27,166.541.5928
Ryan Roy,"65157 Palmer Coves Apt. 915
West Rachel, FL 82814",21,(150)079-9919x92419
George Nichols,"537 Martinez Glen
East Michael, IA 99685",40,+38 (053) 703-24-17
Haley Miller,"9016 Hall Turnpike Suite 498
South Charlesport, FM 96321",21,+1-930-959-7924x9531
Katherine Rivera,"Unit 8775 Box 4090
DPO AE 13612",42,871-387-4907x12940
Patrick James,"25703 Preston Bridge
South Mark, HI 10751",37,018 898 63 70
Dr. Dennis Armstrong,"0196 Miller Pike Apt. 661
Brianmouth, IA 68227",56,+1-478-772-9916x901
Steve Kelley,"Unit 3862 Box 8849
DPO AE 74484",52,(806)506-3687
Maria Johnson,"185 Aaron Station
Lake Wendy, AZ 18508",54,018 063-08-89
Sierra Jones,"901 Russell Terrace Suite 755
Brookefurt, MD 95991",45,+38 006 895 55 85
Stephen Clark,"819 John Radial
Marktown, NC 84439",26,+1-367-823-7339x71803
Cory Nelson,"59764 Austin Well
Ryanville, SD 51220",24,+38 070 262-08-40
Victoria Collier,"911 Rodriguez Union Apt. 217
Oconnorborough, MD 07721",57,899.709.9755x25107
Kathryn Dennis,"44122 Burke Rest
Johnsonside, NH 27663",48,(371)853-1363x831
David Salinas,"4290 Green Roads
Johnshire, VT 85098",30,976-432-8827
Dorothy Lopez,"31813 Michael Corner
Freemanberg, HI 50457",57,+38 084 983-26-76
Brian Fowler,"53282 Justin Spring Apt. 536
Ortegastad, MO 76825",49,055 559 16 38
Terry Sharp,"6471 Anthony Turnpike
New Brendaside, KY 40613",31,+38 (026) 487-76-59
Cameron Guzman,"152 Danielle Glens
Fowlermouth, CT 20724",38,554-07-35
Samuel Shaw,"299 Cochran Prairie Apt. 936
Catherinebury, CA 00625",56,+38 (070) 551-99-28
Felicia Lara,"4428 Neal Highway
Victorialand, ID 25389",26,+38 (054) 889-73-00
Steven Greene,"0201 Joseph Hill
Pageside, GU 27256",25,+38 046 136-79-88
Bradley Williams,"3543 Bell Orchard
Rachelport, VA 98117",31,+38 060 601 44 05
Gary Ellis,"33115 Hunt Summit Apt. 925
New Veronica, SD 23748",18,051 528-87-30
Richard Mata,"917 Elizabeth Shore
Lake Emily, MO 64136",41,793.446.8995
Kristine Stevens,"44178 Fernandez Fields
Lisaborough, IN 34158",34,+38 006 550 60 56
Logan Sanchez,"611 Le Fork
Thomasport, PW 18236",23,(236)199-1979x900
Scott Campbell,"374 Timothy Manors Suite 961
South Wandaport, IA 17853",54,+1-838-403-1747x86639
Ashley Ortiz,"4403 Erica Greens
Osbornfort, HI 53185",39,+1-590-409-6116x065
Shane Hughes,"817 Schwartz Circles
Melindaview, IL 91617",51,1592643027
Veronica Price,"299 Taylor Views
Fieldsmouth, DC 64117",52,+38 (059) 530-97-90
Amanda Williams,"73869 Kenneth Ford
Robersonfort, KS 64976",42,001-908-316-4612x585
Christopher Jones,"66417 Zachary Brooks Suite 578
East Michael, IA 46929",55,+38 (058) 449-72-30
Jennifer Ray,"2797 Williamson Ridge
East Tommy, SD 25184",22,+38 013 513-61-61
Phillip Miller DVM,"76174 Vang Course Apt. 472
New Laurie, NV 24518",25,(355)980-9098x80288
Deborah Goodman,"49574 Rivera Islands Suite 124
Brownview, DE 05970",19,001-843-605-9227x6086
Faith Gamble,"43989 Kaylee View Apt. 003
Port Regina, MI 36779",54,+38 083 218-99-70
Ashley Rice,"6652 Pittman Isle Apt. 217
West Donaldland, MH 95040",21,+1-263-426-4184x774
Nicholas Snyder,"834 Theresa Hills Apt. 477
Ericmouth, VT 90570",30,009 918-18-83
David Washington,"2039 Andrews Glens Suite 478
Nicolemouth, OK 39272",26,+1-585-612-2308x8878
Wesley Floyd,"57553 Wood Groves Apt. 122
Port Robertland, OR 51744",22,428 17 00
Devon Martin,"38509 Harris Garden Apt. 808
Kevinmouth, MT 83289",32,501 95 79
Maria Stevens,"5011 Lopez Spur
Annettemouth, MD 87219",42,+38 063 579-78-50
Jessica Green,"9933 Daniel Spurs Suite 129
New Amyshire, WY 64894",24,798-73-15
Melissa Randall,"9023 Wilson Junction Suite 741
Taylorside, OK 92564",45,8588898476
Mary Lyons,"USNS Fernandez
FPO AP 22861",22,890-764-5608x717
Chase Khan,"69647 Robert Motorway Suite 245
Cuevasland, WI 51403",49,+38 044 359-58-69
Heather Perez,"30991 Sarah Orchard Suite 676
West Patrick, MH 25376",37,747.751.7646x9579
Kristin Fisher,"511 Mcdonald Ville
Victoriamouth, SD 43732",31,(526)108-7725x73967
Megan Vazquez,"330 Robert Throughway
Tuckerstad, MT 28508",38,282-69-23
Jesse Mason,"9672 Johnson Coves
Stephanieland, NM 48243",53,399 41 82
Kelly Taylor,"7172 Welch Tunnel Suite 444
New Virginiafort, HI 33163",32,181 70 82
Allen Smith,"3966 Samantha Mall
Townsendside, SC 29730",42,591.983.9264
Dillon Jones PhD,"6992 Guy Rapids
Hallville, ID 27713",40,5178089123
Jennifer Shaw,"549 Kayla Courts Suite 715
Vasquezborough, OH 03587",21,+38 (047) 700-51-29
Jillian Shelton,"601 Philip Manors Suite 170
Barberview, VA 52482",20,(815)869-2228x491
Bradley Rose,"165 Good Walk
Port Kelly, WV 17598",39,+38 (076) 587-91-95
Rachel Smith,"6387 Kara Vista Suite 761
North Cathyview, ME 03939",18,+1-172-853-8629x0559
Lauren Norris,"USNS Oconnell
FPO AA 21600",40,234 55 34
Randy Anderson,"PSC 1916, Box 5819
APO AP 73008",21,+1-133-185-9613x048
Derek Hull,"PSC 0629, Box 6338
APO AP 77516",30,450-516-7216
Molly Anderson,"97007 Roberto Corner Apt. 426
Jeffreyhaven, OR 38808",58,575-955-5127x89068
Eric Huynh,"425 Benson Lodge
Melvinmouth, OH 21371",23,679 62 81
Ethan Proctor,"1914 Phillips Inlet Apt. 072
Port Dannyburgh, SD 82369",28,001-357-194-8125x507
Jennifer Dunn,"2750 Rogers Inlet Apt. 271
Sawyerfurt, MN 76938",35,+38 043 622 55 45
Marcus Coleman,"6046 Sanchez Lake
Port Belindaborough, WI 90101",37,+1-940-315-7573
Kimberly Cruz,"4297 Steven Track
Johnshire, OH 34820",18,001-901-752-1827
Todd Doyle,"8019 Glenn Cliffs
South Tammyburgh, NM 73009",28,335-33-07
Timothy Schaefer,"Unit 6160 Box 1835
DPO AE 39712",35,001-121-394-3995x45324
Adam Cook,"49655 Rebecca Parks Suite 547
Marilynmouth, OH 47262",45,2133824637
Kristin Santiago,"0483 Edward Turnpike
South Kristin, CO 73264",58,001-914-448-1609
Theodore Curry,"75670 Ray Pass Suite 549
Port Jane, FL 54899",39,+38 084 749-34-97
Daniel Hill,"15791 Brown Alley
Robertmouth, MN 01738",48,840-785-7128x0681
Jesse Tapia,"7449 Alexa Avenue
Ryanmouth, GU 34171",39,205.698.8811x52395
Larry Gonzalez,"52958 Jacob Trafficway Apt. 873
Blackshire, GU 60117",20,001-356-622-7895x189
Stacey Boyd,"PSC 1152, Box 9397
APO AE 75406",37,+38 091 218 80 08
Vicki Roberts,"8718 Aguilar Route
North Edward, DE 08100",58,+38 (071) 695-38-94
Natalie Thompson,"37457 Terry Rest Suite 358
Adamton, GU 22198",23,+38 037 189 16 74
Linda Allison,"USCGC Peck
FPO AE 20521",31,505.760.5293x54540
Kenneth Baker,"610 Perez Crescent
Greeneton, NE 32181",41,+38 004 229-81-63
Jennifer Arnold,"978 Samantha Roads Apt. 108
Ethanland, SC 65402",20,(383)593-6678
Scott Miller,"8071 Julie Junction Apt. 968
Nelsonborough, WY 64825",52,032 344-94-38
Sophia Mckay,"5036 David Gateway
East Thomasville, CT 85590",58,022 14 49
Daniel Craig,"8625 Matthew Junction Suite 043
Jamieview, NY 70437",47,095 801-69-78
Melinda Dixon,"USNS Padilla
FPO AA 19851",42,001-464-924-1149
Leon Fleming,"91958 Walker Pike Apt. 427
New Williamside, WI 73760",33,740.113.4611x956
William Murphy,"753 Thomas Plains
South Johnfort, VT 21710",39,456-61-70
Amanda Roberts,"69070 Pierce Plains Suite 012
New Christina, WY 26897",38,(043)349-5367x26395
Courtney Barr,"16169 Alexandria Viaduct Suite 662
Gilbertside, ME 41262",36,000.303.6332
Kari Marshall,"0479 Angela Port
North Danielmouth, NH 37323",56,+38 093 912 33 24
Gary Lutz,"4366 Julian Canyon Apt. 683
New Mark, KS 50014",54,+1-937-473-4918x63988
Michael Sanders,"205 Dale Oval Apt. 083
South Stuart, AR 93628",35,(937)573-9684
Kelly Norton,"821 Mullen Underpass
Zacharybury, UT 06492",56,+38 064 121-20-26
Lindsey Hernandez,"606 Fisher Radial
East John, ND 24130",41,962 67 83
Christian Gibson,"11076 April Road
Port Jennatown, GA 91036",28,+38 078 986-10-47
Sandra Rodriguez,"326 Adams Prairie Apt. 723
Matthewberg, ID 49854",46,455-89-79
Kayla Williams,"042 Andrew Groves
North Nicholas, KS 46311",29,412.229.8576
Julie Hammond,"3527 Christian Cliff
Lozanofurt, ID 41364",23,+38 (021) 556-26-26
Heather Williams,"1801 John Parks
Lake Robert, ND 54697",47,+1-861-462-6731x57639
Steven Dalton,"183 Danielle Divide
Port Nicole, WV 05340",19,097 136-63-43
Nicholas Murray,"43745 Stafford Mountains
Cantrellstad, MS 81604",35,8831052065
Marc Smith,"639 Kyle Centers Suite 260
Lindseyview, OH 31884",54,538.045.8681
Timothy Curry,"88744 Michael Row Apt. 043
Sanchezfurt, MI 16454",38,+38 (079) 638-13-12
Robert Reed,"PSC 9559, Box 9284
APO AP 61197",36,+38 005 544-07-68
Andrea Davila,"6738 Arellano Viaduct
South Richard, DE 70368",33,001-160-958-6190x181
Amanda Brown,"610 Kelley River
Karenborough, NC 35850",50,109-62-27
Jason Johnson,"16768 Robin Ridges
Jenniferberg, WI 14587",56,929.817.7441
Rebecca Ferguson,"PSC 5036, Box 2824
APO AA 36918",28,+38 053 992-77-03
Christopher Rodriguez,"62322 Garcia Village
North Karenbury, DE 98936",46,848-250-1764x87797
Becky Landry,"5065 Anderson Trafficway Apt. 478
North Franciscohaven, WY 81514",55,+38 009 156 46 70
Michelle Baird,"175 Espinoza Square Apt. 310
South Lesliemouth, MI 45679",21,020 973 62 95
Wyatt Rivera,"708 Martinez Land
Port Shawnberg, KS 15822",42,001-452-576-6519x25879
Sherry Williams,"3736 Richards Course Suite 981
Ramirezburgh, MH 56394",30,128-628-7195x191
Cory Malone,"351 Pace Drive Suite 699
West Ronald, CT 68729",35,+38 (060) 535-80-36
Michael Miller,"08379 Timothy Fort
Lake Jenniferville, KY 02430",26,0214723101
Evan Barr,"14571 Beltran Plain Apt. 883
Moralestown, NV 26390",36,+38 031 299-38-47
Sara Houston,"49249 Bailey Rest
Ryanberg, IA 11235",22,6001116841
Carlos Stanley,"USS Blackburn
FPO AP 68621",22,+38 019 442-38-74
Tiffany Myers,"72801 Barber Court
Tranhaven, AL 68680",59,069 824-04-90
Sonia Shelton,"66997 Alan Loop Suite 559
Michaelshire, UT 23503",60,918-66-95
Dr. Elaine Waller,"53078 Jasmine Prairie Suite 453
West Kristina, GU 86137",49,989.722.8310
Amanda Gray,"081 Roberts Brook
North Riley, NC 46368",24,366-985-3321x896
Elizabeth Flores,"PSC 0249, Box 3068
APO AA 17208",60,+38 030 179-11-81
Melanie Huffman,"33880 Melissa Common
South Christine, NE 89191",27,+1-600-690-7645x39990
Mr. James Payne,"PSC 2104, Box 9938
APO AA 44655",30,038 643 24 08
Angelica Gutierrez,"27920 Shari Shore
West Rachel, NY 49717",23,001-237-755-9357x195
Edward Lewis,"95143 Calvin Estates
East Jason, NJ 16949",39,514-57-11
Veronica Watts,"636 Sandra Throughway
Port Derrickborough, OH 51622",56,(605)931-1407x125
John Lee,"9104 Miles Tunnel Suite 123
Rodriguezton, MD 31447",47,054 372 90 93
Adam Barnett Jr.,"16493 Dan Views Apt. 097
New Kimberg, CA 16217",24,065 523 57 13
Keith Lynn,"PSC 5979, Box 2218
APO AA 31882",49,894-75-16
Brandon Cooper,"3930 Kimberly Junction
New Elizabeth, SD 61468",18,+38 (033) 469-70-84
Alex Hopkins,"36603 Tyler Lodge
West Robertville, NJ 17590",21,+1-295-796-3446x939
Mike Thornton,"Unit 4112 Box 7543
DPO AP 60453",59,+1-727-772-4820x38128
Cindy Heath,"488 Jeremy Spur
Vanessastad, MN 28408",26,027 874-54-74
Rhonda Williams,"7687 Mccarty Spur Suite 563
Parkerview, TX 06305",18,+38 039 403 63 31
Isaiah Hanson,"098 Elizabeth Fork
Frazierport, NE 69502",56,812 26 42
Shelley Robbins,"69957 Paige Islands
North Todd, MA 97721",39,929.417.3878x8352
Jasmine Barnes,"5565 Raymond Garden Apt. 967
Kellyshire, LA 80318",42,136.145.4766x7643
Sarah Riddle,"71746 Weber Streets Suite 292
Johnsonmouth, DC 76880",21,+38 066 598-48-15
Rebecca Boyd,"247 Adam Isle Apt. 280
New Sarahville, NM 07762",36,515 85 96
Terry Gardner,"048 Doyle Glens
East Danielfort, CA 82720",20,+1-524-492-5535x45733
Alicia Willis,"741 Robert Island
Schultzport, AK 22851",48,8514756470
Donald Obrien,"98631 Travis Way Suite 918
Finleyside, KY 59276",54,001-585-743-1248x99457
Scott Stafford,"180 Haley Extensions Apt. 229
New David, AZ 45959",38,056 209-70-59
Jeremy Waller,"28040 Sandra Points
Gibsonside, CT 91712",44,053 452-87-77
Tracy Phillips,"48033 Little Isle
Smithport, PR 70793",48,+38 (024) 784-01-21
Deanna Lutz,"168 Hayes Field Apt. 441
South Gabrieltown, TX 64234",18,+38 088 765-89-68
Steven Sellers,"Unit 2665 Box 7597
DPO AP 30279",37,+38 018 636-46-92
Michelle Miller,"86839 Flowers Plaza Apt. 419
Barberberg, GA 27743",31,(260)414-8012
Stephen Garcia,"661 Ricky Port Apt. 950
Chungfort, OK 59682",54,+38 085 295 23 13
Jason James,"165 Heather Lock Apt. 750
Jacksonchester, CA 54749",39,(861)116-7621x6493
Andrew Davis,"37106 Helen Shore Suite 792
Nancyfurt, NH 85965",36,006.355.3894
Tonya Brooks,"USNS Wilson
FPO AP 67436",39,+38 058 815-82-94
Joseph Le,"65471 Olsen Gateway Apt. 654
New Rossside, ME 72151",40,159-68-82
Tara Tucker,"4620 George Meadows Suite 514
Port Ashley, PR 47921",36,001-784-966-4661
Jennifer Reed,"895 Little Corners
West Tammyfurt, NC 05820",35,+1-265-700-7366
Erica Woods,"38390 Jerome Crescent Suite 920
New Lisa, DC 22521",38,+38 059 929-56-26
Jordan West,"924 James Roads Apt. 953
North Jerome, AZ 99748",57,+1-390-646-4770x7548
Stephen Sullivan,"3294 Thompson Prairie
Williamsbury, NM 30084",38,+1-471-901-0818
Timothy Acosta,"09332 Angela Via Suite 168
Jessicachester, VA 29520",18,385.639.4788x74486
Christine Brown,"PSC 2157, Box 6244
APO AE 76627",18,451-54-69
Sarah Allen,"676 Brock Village Apt. 095
West Josephbury, PW 02784",60,959 39 41
Douglas Rodriguez,"7046 Kelly River
Joshuatown, ND 09369",57,+1-533-045-9784x00611
Monica Mcdowell,"03896 Fisher Ridge Apt. 481
Julieton, TX 72969",39,+1-315-680-5554x99321
Carlos Walsh,"69253 Melissa Radial Apt. 411
New Angela, WY 74582",54,+38 (099) 847-55-68
Joel Hernandez,"84396 Walls Skyway Suite 258
Seanton, FM 52887",29,069 543-80-41
Sabrina Edwards,"0249 Torres Trafficway Apt. 328
Burtonchester, NY 16992",41,001-486-463-1505
Mr. Stephen Lewis,"454 Wheeler Rapids Apt. 781
Campbelltown, MA 71019",49,+38 (049) 018-26-04
Jennifer Williamson,"36440 Anthony Pass
East Michelle, MT 87762",49,395.066.7821x05151
William Watts,"3735 Gonzalez Bypass Suite 541
Smithmouth, KY 84222",38,+38 044 469-20-05
Mr. Jason Hudson,"817 Danielle Union Apt. 662
New Dennis, AR 52508",20,+1-042-287-3775x1814
Katrina Lewis,"2444 Hall Drives
North Jason, CO 81452",45,(838)750-5483x0636
Timothy Anderson,"2583 Robert Extension
Pinedashire, ND 37580",20,300 01 89
Donna Allen,"153 Robinson Field
Gloriamouth, MI 46867",47,+38 052 829-64-83
Dr. Brent Harris,"0853 Green Spur Suite 815
Turnerberg, SC 10619",37,+38 084 888-41-37
Whitney Valdez,"016 Samantha Canyon Apt. 525
East David, MI 27903",34,+38 079 545-26-05
Michael Estrada,"06058 Decker Garden
Michaelview, VT 75046",36,4071370584
Dawn Williams,"00848 Burke Junctions Suite 415
Schneiderstad, MD 99132",44,343.360.7178x13238
Mary House,"890 Harrison Corners
Snyderfort, OR 81257",42,+38 099 016-38-87
Timothy Perkins,"1626 Sullivan Highway Suite 339
West Kevin, DE 70838",41,504.623.9274x8974
Oscar Pierce,"85842 Emily Street Apt. 616
North Kelly, AL 28191",50,+1-444-468-0048
Jennifer Summers MD,"004 Turner Pine
Juarezshire, AL 05208",59,095 57 89
Tabitha Woods,"90353 Williamson Points Suite 910
New Daniel, FM 82488",52,+1-541-067-3948x609
Levi Anderson,"PSC 0726, Box 6166
APO AA 87091",60,692-934-8443x1023
Mary Mendez,"612 Johnson Forest Suite 988
Johnsonview, IA 07637",21,141 92 47
Andrew Mejia,"5196 Emily Glens
East Joseph, DE 34780",59,+1-715-455-4056
Jennifer Aguirre,"PSC 1550, Box 2041
APO AP 00928",33,+1-302-693-5165
Linda Evans,"658 Christina Parks
Micheleton, KS 72414",38,019.230.9082x532
Kevin Jones,"2933 Santiago Overpass
Kariburgh, MI 64707",32,001-014-328-6958
Aaron Thomas,"34741 Louis Cliffs Apt. 243
Jamesfurt, AR 62764",44,190.015.0067x516
Sarah Cook,"131 Joe Rapid Apt. 661
Lake Chad, MD 41235",47,005-084-3787x922
Cheryl Gould,"8853 Atkins Mountain
Rodriguezburgh, VA 42714",21,833-88-94
Mr. Michael Hatfield,"54487 Kelli Squares Apt. 727
Gregland, PR 19263",33,1251383369
Betty Riley,"4202 Castillo Roads
Jenniferside, WY 55139",49,939-087-4512x93900
Daisy Sellers,"53793 Macdonald Pine Apt. 610
Brianaland, GA 75679",57,064-031-3921x205
Peter Larson,"PSC 3259, Box 1775
APO AP 43984",51,280-28-20
Kim Stokes,"272 Martin Ranch Suite 431
Brendaburgh, GA 64447",51,593-35-88
Melanie Scott,"966 Michelle Rest Apt. 883
New Thomas, CA 60907",48,(991)587-8381x67485
Timothy Ford,"1740 Lindsay Trail
Stewartport, IN 46786",46,+38 056 772-79-96
Tommy Thompson,"823 Ashley Groves
South Travis, ID 13492",32,094.971.7851
Amanda Larson,"06756 Christopher Tunnel
New Christopherburgh, AL 33779",24,+38 013 485 50 35
Karen Little,"582 Brent Point
Jonathanborough, IA 25629",30,3036961708
Brandon Mathews,"904 Hart Track
Gomezport, PW 93568",24,+38 054 973 26 60
Jonathan Mendoza,"745 Brittany Shoal Apt. 015
Clarkhaven, PR 96492",20,061.279.7684x80677
Maria Wilson,"USS Lopez
FPO AA 63458",22,273.141.3537x884
Melinda Herrera,"039 Martinez Unions
Kevinchester, NE 49573",48,+1-881-492-2134x0262
Melissa Peterson,"0580 Holmes Hills
Scottton, MH 08637",47,001-859-504-4150
Lisa Clark,"989 Isabella Run
Andersonshire, VT 38222",20,001-552-350-2065
Dr. Samantha Mays,"4637 Silva Falls
Morrisland, GA 61208",19,432.642.8529
Tammy Johnson,"8484 Michael Ford Suite 361
North Jessicaport, ND 01322",60,113.564.3460x99261
Mariah Dickson,"059 Robert Rapids
Sandovalville, WY 55254",48,001-936-928-1615x39254
Sandra Maynard,"11230 Tracey Isle Apt. 488
South Brendaburgh, PA 55416",31,+1-601-770-9835
Sharon Collier,"73781 Kelly Ridge
East Juliastad, NM 17061",40,+1-466-893-1849x75255
Anthony Mendoza,"6002 Jeffery Drive Apt. 980
West Paul, VT 12115",47,+38 (016) 179-91-19
Nicole Ortiz,"8260 Shaw Key
Judyfurt, FM 55739",52,(893)383-4920
Paul Mcbride,"27856 Haley Fall Apt. 112
Davisview, VA 02563",35,281.494.4690x343
Shannon Taylor,"8354 Brandon Cape Apt. 236
Shaneville, IL 99942",39,449-214-2332
Robin Frank,"9807 Smith Glen Apt. 388
Port Courtneybury, TX 04492",33,080 589 30 07
Joan Stewart,"PSC 1670, Box 7220
APO AE 39559",46,052 422-51-44
Rebecca Johnson,"3182 Nguyen Crossing Suite 396
Kennethhaven, UT 38104",36,5301400931
David Briggs,"96979 Lee Burgs
East Lynn, SC 33070",37,+38 035 502-17-36
Dr. Roberto Perry DVM,"81539 Ross Parkway Suite 049
West Erikburgh, GA 06235",22,672.392.2915x91160
Melinda Sharp,"98524 Martin Plaza Apt. 347
South Danielstad, MT 66836",27,009 172 73 04
Barbara Davis,"61418 Allen Road Suite 986
Lake Robertmouth, MA 83540",39,+1-728-605-9633x4309
Rachel Crawford,"39100 Christine Station
South Alexandraland, FM 17177",33,469-48-00
Kristi Arias,"PSC 3417, Box 0931
APO AA 63277",55,089 777 21 40
Ryan Glenn,"57933 Cooper Curve
Brookeland, OR 41117",32,+38 044 259-71-59
Robert Grant,"4645 Pham Avenue Apt. 675
Emilyland, MS 17347",59,(572)062-7134x328
Amy Wiggins,"733 Dennis Course
South Emilyland, UT 76350",40,337.011.3788x92133
Jonathon Reed,"15328 Anita Estate
Aguirremouth, IN 91243",37,063 085 40 12
Jean Moore,"0901 White Fields Apt. 214
New Jeffhaven, WI 35945",18,+38 045 247-50-42
Julia Murphy,"96542 Riley Village
Brianville, MP 76011",26,+38 063 776 90 81
Chloe Newman,"USNS Shannon
FPO AA 00624",47,047 071 79 54
Kimberly Johnston,"Unit 5841 Box 5174
DPO AE 03152",29,093 516 63 18
Amanda Savage,"82929 Maxwell Heights Suite 655
Williambury, FM 02987",59,+38 054 255 04 06
Anthony White,"07612 Timothy Villages Suite 478
Port Joshuafort, OK 32372",26,408-72-68
Michelle Oneal,"4995 Gibson Plaza Apt. 947
West Megan, TN 17213",49,809 52 07
Kevin Hickman,"5142 King Drive Suite 169
Logantown, IA 21688",49,001-841-559-9589x933
Amanda Smith,"0582 Willis Villages
Nicholasborough, WA 83785",52,+1-449-679-9832x5093
Nicholas Cannon,"0946 Ashley Terrace Apt. 023
Jackieton, DE 57842",25,861-50-33
Shannon Herrera,"47748 Andrew Mission
Lake Sergio, PA 77098",22,+38 (057) 727-69-24
Brenda Johnson,"76574 Angel Mountains
Heatherberg, CA 89994",20,001-026-451-9406x63843
Danny Holloway,"02997 Kenneth Estate
North Dylanburgh, NH 63543",46,702-887-0172
Jaime Higgins,"396 Hanson Pike Suite 003
Jakechester, MH 20689",24,632.362.8128x945
Amber Christensen,"087 Hutchinson Rest Apt. 142
New Danielshire, SC 62323",30,662-099-3290x36779
John Holt,"66488 Carpenter Freeway
Heatherview, MS 09732",47,+1-914-302-0711x348
Zachary Campbell,"545 Howard Plaza
North Seanport, FM 44498",27,050-798-1305x4396
Dr. James Taylor,"054 Henry Plains
Stevenmouth, NH 96449",23,+38 024 734 44 33
Carolyn Clark,"28465 Jones Brook
Kennethmouth, IN 25233",46,4644716937
Sandra Rodriguez,"314 Brown Neck
West Josephberg, MT 19910",42,+1-804-480-0897x1754
Kevin Mack,"09993 Knight Vista Apt. 588
New Kaylee, SD 66483",42,723-40-75
Holly Stanley,"726 Robert Street Suite 783
Hernandezton, UT 05493",21,347.162.1358
Jeanne Sampson,"5751 Carolyn Cape Suite 865
Wilsonview, ND 39027",46,+1-608-893-6155x31436
April Brown,"4418 Farmer Springs
North Ricky, AZ 60106",36,267-559-0146x7674
Tammy Stanton,"634 Randy Brook
Hannahview, AS 45820",40,496-879-9203x20885
Timothy Villanueva,"615 Jennifer Hollow Apt. 228
Banksport, VA 19574",31,+38 (066) 604-05-58
Julie Villegas,"8628 Taylor Stream
Jamesfort, AR 61445",24,715 74 63
Brenda Smith,"PSC 4773, Box 7281
APO AE 92865",39,158 46 43
Robert Thomas,"276 Frances Corner Apt. 776
East Haley, AL 07606",41,3841811400
Kathryn Perez,"1012 Lisa Walk Apt. 816
Andersonshire, CA 69747",47,734-15-49
Wendy Salazar,"99039 Estrada Locks Suite 262
Matthewmouth, ID 86479",23,+38 042 794-56-14
Kimberly Williams,"09186 Gregory Canyon
Edwardstown, FM 73201",50,+38 067 635 28 88
Brian Rodriguez,"76674 Moore Stream Suite 144
Lake Grace, PR 57962",60,400 76 66
Brian Clark,"329 Christopher Corners
Codyville, OK 79301",41,8952012570
Rebecca Gutierrez,"1983 Koch Pine Suite 292
Debrahaven, OH 02746",27,408.347.1535
David Gross,"PSC 3903, Box 6696
APO AA 10919",57,001-270-528-3063x8856
Brandon Larson,"3122 Thomas Route Suite 829
Lake Amy, ID 19651",26,001-925-062-8084x968
Shannon Morales,"619 Matthew Motorway Apt. 847
Lake Ashleyport, WI 38525",21,+38 053 074-09-45
Robert Hernandez,"99498 Nunez Key Apt. 339
East Barbara, TN 83587",18,024 121 41 66
Maria Lam,"PSC 2021, Box 0332
APO AA 96062",33,+38 087 199 67 60
Kelly Taylor MD,"PSC 0837, Box 1414
APO AP 82071",57,+38 006 403-79-62
Angela Powell,"11016 Brandon Branch
North Kennethmouth, LA 06634",36,394.731.6431
Joseph Roberson,"3123 Shane Estate
New Brandonton, SC 48664",47,(330)592-8125x8383
Brenda Gonzalez,"92718 James Forks
Lindsayside, IL 99564",47,(915)474-4284x7291
Teresa Williams MD,"2318 Kim Track Apt. 770
Johnburgh, UT 14235",31,001-722-112-6629x3690
Colton Zhang,"794 Wilson Spring
Davishaven, NJ 10044",19,118-361-5209x9531
Angela Adams,"570 Willis Well
Taraview, WY 58014",36,144-20-83
Amy Stewart,"2016 Jack Green Suite 130
Robertbury, AL 39501",33,+38 046 237 34 74
John Rowe,"7335 Joy Meadow Apt. 519
Lake Amanda, DE 98542",24,+38 025 822 01 22
Eric Diaz,"533 Whitney Shore
East Johnmouth, MT 95215",34,2330185544
Suzanne Valenzuela,"1670 Hernandez Lights
North Danielle, WI 78246",57,+38 069 808-80-39
Claudia Bowen,"2790 Victoria Expressway Suite 167
Danielfort, KY 37912",44,(577)625-4768x0546
Marcus Williams Jr.,"952 Walters Mountain Suite 044
Youngshire, LA 05896",42,994-830-4523x544
Patrick Doyle,"399 Sutton Pike
New Ronaldhaven, PR 04955",43,+38 (049) 101-13-54
Angel Vincent,"401 Taylor Summit
North Thomas, NC 44355",50,(617)719-0477x81051
Larry Davis PhD,"250 Carter Mountain
North Shelly, KY 93329",23,200-45-16
Blake Gomez,"293 Justin Lights Apt. 868
Fishermouth, MI 92269",23,832-139-2413x4131
Craig Wright MD,"405 Smith Isle
East Dave, PW 11800",20,907-27-61
Troy Harris,"56937 Bill Lights Apt. 147
Michaelburgh, IN 14327",30,047 298-89-04
Lisa Young,"09215 Anna Crescent Suite 439
Vargaston, NV 55216",41,(482)134-5886
Misty Jackson,"7798 Tammy Ranch
Lopezfurt, DC 80958",45,093 676-78-40
Wanda Jones,"2900 Krueger Lane
Milesborough, AS 71179",53,077 374-20-91
Mark Perez,"PSC 7026, Box 8200
APO AE 60815",34,053 309 89 40
Donald Johnson,"863 David Branch
South Melissaton, OK 46531",45,732.455.5841x1546
Robin Carlson,"5651 Palmer Turnpike
East Taylormouth, MD 42723",34,5457450671
Kyle Conner,"USCGC Johnson
FPO AA 16810",21,+38 022 823-70-66
Lawrence Nguyen,"853 Mendoza Cliffs Suite 092
Port Christinechester, CA 10339",50,493 19 83
Jill Weaver,"6890 Stephanie Divide
Lake Richardmouth, WY 34397",33,+38 087 269-62-36
Caitlin Wilson,"01390 Gray Falls Suite 404
Aguirrefurt, CO 55867",50,396.533.7792x74225
Jeremy Richardson,"603 Hobbs Well Suite 058
Weavermouth, MP 69626",20,001-302-644-2303x6049
Kendra Lynn,"252 Townsend Village
West Bethany, MO 20708",27,+38 041 326 34 02
James Dickerson,"3342 Ernest Field Apt. 162
Kathrynburgh, NJ 46178",20,1839236062
Brenda Williams,"Unit 7275 Box 6699
DPO AE 84301",42,831.481.0043x076
Theresa Stanley,"896 Armstrong Ridge Apt. 524
Michaelmouth, VI 93114",34,076 337-95-26
Philip King,"811 Aaron Fort
Ryanhaven, IN 23212",19,357.649.9225x1119
Christie Werner,"80228 Harry Mall Apt. 686
Spencerfort, MD 05990",23,+38 013 668 37 76
Michael Green,"0621 Michael Mount
Port Jesse, MI 23215",38,1401805131
Michael Taylor Jr.,"5849 Vincent Squares Apt. 440
Scottfurt, ME 33934",50,+1-093-695-1876x60771
Olivia Weber,"59119 Brandon Gateway Suite 946
Smithhaven, AZ 64435",59,005 981-10-71
Kimberly Bowen,"41527 Cynthia Rapid Suite 619
South William, LA 48410",24,+1-934-204-8987x733
Kristen Taylor,"228 Tina Village Apt. 017
Port Justin, LA 71471",52,+1-503-057-9888x859
Renee Wood,"17480 Thompson Loaf Suite 538
Cobbtown, OR 12807",25,+38 025 751 64 51
Sabrina Evans,"PSC 5768, Box 2374
APO AA 59906",26,9081590012
Leslie Nelson,"Unit 1301 Box 9568
DPO AP 88483",46,746.517.7097
Morgan Wiley,"4134 Lawrence Plains
New Miguel, AL 14462",36,001-402-140-8545
William Gonzales,"8156 Sarah Groves Suite 647
North Levi, OR 72716",44,700-14-58
Brooke Smith,"09044 Garrison Brook
Port Natalie, NY 43736",30,090 796-92-95
Kayla Krueger,"2502 Velazquez Falls
Port Charles, GU 47981",21,001-043-711-0699
Robert Evans,"043 Graves Court
West Jeffreyport, IL 45531",43,(496)026-5245
Linda Mills,"6886 Penny Canyon Apt. 804
Matthewshaven, CO 32791",56,295-45-07
Derek Warner,"25525 Hall Extension
Port Kaylaview, NM 19220",24,059 286 37 93
Taylor Avery,"4687 Edwards Forks
Brittneyton, MA 26081",52,519-16-42
Jack Salinas,"08722 Porter Inlet
Port Anthonyside, OR 54143",59,766-27-27
Travis Andrews,"741 West Drive Apt. 648
Hernandezstad, MH 51239",18,+38 012 345-98-69
Michelle Fleming,"08604 Charles Wall
Shannonville, UT 55919",38,903-35-19
Autumn Dawson,"Unit 4006 Box 5167
DPO AE 81726",27,(722)854-2373x073
Dr. Gina Campos,"3258 Roberts Trail
East Alyssa, ID 89315",20,001-156-531-1842
Bonnie Marquez,"50974 Allen Meadows Apt. 001
Kimhaven, VT 74608",58,034 713 14 64
Kathleen Hicks,"545 Love Stravenue
New Tara, MD 65564",54,(056)273-0657x8921
Chase Mercado,"2702 Ramos Plaza Apt. 726
Huffmanmouth, NE 32744",28,+38 097 971-83-08
Sean Rodgers,"04827 Velasquez Wall Suite 236
Adamsburgh, PW 06765",52,2296634692
Kathy Rangel,"473 Gregory Expressway Suite 412
South Mariobury, KY 79377",50,841-315-2880
Gregory Cox,"78100 Cooper Crest Suite 287
Port Robert, PA 81970",18,001-681-002-2882x103
James Taylor,"062 Laura Manors Apt. 341
South Kimberly, TN 42077",41,940-538-0678
Rita Nelson,"285 Dixon View
Josephburgh, RI 04538",41,+38 048 874 86 99
Charlene Morgan,"876 David Unions Suite 070
Jameshaven, AK 54348",41,+38 (034) 257-15-96
Lisa Wallace,"1312 Brown Crossroad Suite 095
South Michaelbury, NE 67837",30,154-167-7187x451
Breanna Berry,"8174 Dixon Centers Apt. 903
Karenside, WI 25051",51,569-315-1670x6850
Erika Jones,"7562 John Place
South Markview, CT 29097",44,428.407.3025x99902
Samuel Young,"942 Edwards Trail
Lake Christopher, PW 28963",38,+38 (064) 029-55-14
Devin Christensen,"773 Brandon Loop Suite 156
West Angelicatown, NM 47784",49,398-610-1006x6045
Rachel Mcguire,"Unit 8805 Box 1660
DPO AA 27563",47,559 41 75
Aimee Johnson,"USCGC Atkinson
FPO AA 52005",39,+38 075 572-23-44
Vanessa Jones,"14239 Robert Ridges Apt. 250
Lake Petermouth, HI 30433",33,+38 096 554 75 95
David Chan,"4408 Crystal Garden
Harrisberg, VA 85156",34,690 65 92
Jenny Fields,"865 Jason Gardens
Huntport, MO 14382",37,(561)763-2648x8739
Jennifer Lewis,"506 Melissa Loop
West Kathyland, TN 10347",43,+38 001 990 12 64
James Castro,"6670 Martinez Manor
East Nancy, FM 61782",36,642-553-3465x078
Brandi Lee,"2190 Hall Street Suite 205
Kaylaburgh, FM 23260",53,+38 039 028-66-60
Donna Chan,"1134 Evelyn Islands Apt. 001
Leeville, TX 22155",22,001-847-257-3037x770
Crystal Robles,"3963 Cynthia Loaf Suite 742
Lake Chelseamouth, AK 18195",18,482-893-2698x74667
Garrett Chan,"7610 Hall Well
West Jamiemouth, MD 46074",43,+38 021 624 80 58
Stephanie Hall,"Unit 4839 Box 6828
DPO AA 82865",22,848.991.2121x0960
Jose Morgan,"54441 Jeffrey Lane
Stephentown, NV 13743",54,+38 072 379-12-72
Meredith Thompson,"1072 Michael Run
Port Melissahaven, DC 02729",59,+38 027 873 52 91
Marcus Ramirez,"027 Brown Coves Apt. 158
Lake Kimberlyside, NC 80818",43,+1-603-860-5404x299
Jennifer Gomez,"4776 Christina Pine
North Susan, MA 50792",46,001-065-799-1171x04743
Tiffany Lyons,"USNS Jordan
FPO AA 66910",19,(428)714-8871
Tom Myers,"452 Kristen Mountain
Moramouth, NE 22361",42,+1-041-121-7627x4952
Paul Moore,"39205 Christine Street Apt. 468
Myersview, VA 90550",53,553-634-5530
Karen Johnson,"77497 Crawford Groves
Terrishire, WV 94761",51,001-165-486-5704x718
Angela Gamble,"753 Matthew Trace Apt. 644
Shaneborough, MN 67368",47,020 382 47 61
Christopher Spence,"290 Matthew Creek Suite 506
Port Shannon, AZ 96896",58,+1-320-424-4015x422
James Miller,"18873 Murphy Forges
North Christinemouth, NV 67848",56,+1-298-686-2098x63822
Michael Bryant,"4955 Smith Hills Suite 298
Rachelville, WV 96715",23,+38 014 595-55-84
Travis Adams,"9990 Jesus Lakes
North Josephview, OK 69774",32,(023)400-7191
Beverly Jenkins,"691 Alexis Way Apt. 252
East Philip, NM 19370",54,+38 (008) 367-31-89
Adam Howell,"976 Heather Mountains Suite 397
Lake Michael, NC 93506",60,+1-802-490-1029x9045
Thomas Robbins,"8661 Brianna Circle Apt. 337
Thomastown, AL 44030",60,094 662 12 90
Michael Gonzalez,"475 Joshua Hollow Suite 924
Huntermouth, RI 50503",21,070-12-78
Stacey Avila,"120 Cole Bridge
Wesleyshire, NC 79054",27,+38 068 640 17 07
Sharon Wilson,"96193 Tiffany Extensions Suite 287
Elizabethchester, GU 49086",45,262-886-3753x278
Brandi Jones,"695 William Wall Suite 111
East David, WA 82239",38,006 185 36 79
Katherine Simpson,"77402 Miller Fork
Wrightstad, UT 59489",60,+38 032 706-14-41
Alex Bentley,"4671 Gabriela Estates
West Dawn, NC 07382",32,+1-028-646-1885x566
Jeremy Santana,"5203 Patterson Locks Apt. 671
Ingramport, IN 48936",40,171 74 49
Kenneth Greene,"6453 Keller Wells Suite 183
Christopherhaven, PW 02225",29,+38 (015) 899-99-50
Sheila Johnson,"969 Alexander Drives
Parkermouth, OK 86389",58,+38 (045) 199-13-60
Elizabeth Smith,"41200 Carmen Run Apt. 704
North Veronica, AR 55479",26,+38 024 183-70-00
Matthew Robinson,"6257 Martin Streets
Johnborough, NH 81329",27,398-392-8543x01399
Jennifer Miller,"42042 James Orchard Apt. 516
North Darren, KY 07663",38,001-652-565-2735
Nicole Miller,"1094 Green Shoals
North Nicholas, OK 58146",43,240-830-7899
Corey Dixon,"865 Hurley Greens
Timothystad, NJ 91733",35,(848)653-2282
Debbie Lopez,"288 Andrea Roads
Port Jason, WA 50854",44,2665649519
Laura Rice,"2171 Kelley Roads Apt. 153
New Ashley, LA 57343",43,(100)109-1960x848
Stephanie Day,"4863 Diana Hills
Myersmouth, DC 50429",53,(699)214-8258x069
David Morales,"3437 Jacob Drive Apt. 031
North Erinside, AZ 63323",38,003 334 79 03
Steven Avila,"6099 Franklin Club Suite 424
Wiseport, UT 29207",28,+38 000 416-31-57
Sherri Gutierrez,"22846 Dunlap Green Apt. 645
Lake Markville, GA 08578",18,247-445-1047
Cathy Grant,"98099 Mike Valley Apt. 460
Lake Kristopher, FL 76075",54,+1-809-393-3132
